DB,AB,AF,AU,AU_UN,AU1_UN,BP,C1,CR,DE,DI,DT,EM,EP,FU,FX,ID,IS,JI,LA,OA,OI,PMID,PU,PY,RP,SC,SN,SO,TC,TI,UT,VL,SR
SCOPUS,"We present VOSviewer, a freely available computer program that we have developed for constructing and viewing bibliometric maps. Unlike most computer programs that are used for bibliometric mapping, VOSviewer pays special attention to the graphical representation of bibliometric maps. The functionality of VOSviewer is especially useful for displaying large bibliometric maps in an easy-to-interpret way. The paper consists of three parts. In the first part, an overview of VOSviewer's functionality for displaying bibliometric maps is provided. In the second part, the technical implementation of specific parts of the program is discussed. Finally, in the third part, VOSviewer's ability to handle large maps is demonstrated by using the program to construct and display a co-citation map of 5,000 major scientific journals.",[],"['Nees Jan van Eck', 'Ludo Waltman']","['Leiden University', 'Erasmus University Rotterdam', 'Leiden University', 'Erasmus University Rotterdam']",Leiden University,523,"['Leiden University', 'Erasmus University Rotterdam', 'Leiden University', 'Erasmus University Rotterdam']",[],[],10.1007/s11192-009-0146-3,article,[],538,[],,[],2,Scientometrics,,[],[],,,2009,,[],,Scientometrics,19717,"Software survey: VOSviewer, a computer program for bibliometric mapping",W2150220236,84,"Nees Jan van Eck, 2009, Scientometrics"
SCOPUS,,[],"['Naveen Donthu', 'Satish Kumar', 'Debmalya Mukherjee', 'Nitesh Pandey', 'Weng Marc Lim']","['Georgia State University', 'Malaviya National Institute of Technology Jaipur', 'Swinburne University of Technology Sarawak Campus', 'University of Akron', 'Malaviya National Institute of Technology Jaipur', 'Swinburne University of Technology', 'Swinburne University of Technology Sarawak Campus']",Georgia State University,285,"['Georgia State University', 'Malaviya National Institute of Technology Jaipur', 'Swinburne University of Technology Sarawak Campus', 'University of Akron', 'Malaviya National Institute of Technology Jaipur', 'Swinburne University of Technology', 'Swinburne University of Technology Sarawak Campus']",[],[],10.1016/j.jbusres.2021.04.070,article,[],296,[],,[],,Journal of Business Research,,[],[],,,2021,,[],,Journal of Business Research,12104,How to conduct a bibliometric analysis: An overview and guidelines,W3160856016,133,"Naveen Donthu, 2021, Journal of Business Research"
SCOPUS,"We aim to develop a meaningful single-source reference for management and organization scholars interested in using bibliometric methods for mapping research specialties. Such methods introduce a measure of objectivity into the evaluation of scientific literature and hold the potential to increase rigor and mitigate researcher bias in reviews of scientific literature by aggregating the opinions of multiple scholars working in the field. We introduce the bibliometric methods of citation analysis, co-citation analysis, bibliographical coupling, co-author analysis, and co-word analysis and present a workflow for conducting bibliometric studies with guidelines for researchers. We envision that bibliometric methods will complement meta-analysis and qualitative structured literature reviews as a method for reviewing and evaluating scientific literature. To demonstrate bibliometric methods, we performed a citation and co-citation analysis to map the intellectual structure of the Organizational Research Methods journal.",[],"['Ivan Župič', 'Tomaž Čater']","['University of Ljubljana', 'University of Ljubljana']",University of Ljubljana,429,"['University of Ljubljana', 'University of Ljubljana']",[],[],10.1177/1094428114562629,article,[],472,[],,[],3,Organizational Research Methods,,[],[],,,2014,,[],,Organizational Research Methods,6631,Bibliometric Methods in Management and Organization,W3125707221,18,"Ivan Župič, 2014, Organizational Research Methods"
SCOPUS,,[],"['Nees Jan van Eck', 'Ludo Waltman']","['Leiden University', 'Leiden University']",Leiden University,285,"['Leiden University', 'Leiden University']",[],[],10.1007/978-3-319-10377-8_13,book-chapter,[],320,[],,[],,,,[],[],,,2014,,[],,,3206,Visualizing Bibliometric Networks,W150292108,,"Nees Jan van Eck, 2014, "
SCOPUS,,[],['Angela E. Pritchard'],[],,348,[],[],[],,article,[],,[],,[],,Journal of Documentation,,[],[],,,1969,,[],,Journal of Documentation,3181,Statistical bibliography or bibliometrics,W2275696275,25,"Angela E. Pritchard, 1969, Journal of Documentation"
SCOPUS,"Bibliometric methods or ""analysis"" are now firmly established as scientific specialties and are an integral part of research evaluation methodology especially within the scientific and applied fields. The methods are used increasingly when studying various aspects of science and also in the way institutions and universities are ranked worldwide. A sufficient number of studies have been completed, and with the resulting literature, it is now possible to analyse the bibliometric method by using its own methodology. The bibliometric literature in this study, which was extracted from Web of Science, is divided into two parts using a method comparable to the method of Jonkers et al. (Characteristics of bibliometrics articles in library and information sciences (LIS) and other journals, pp. 449-551, 2012: The publications either lie within the Information and Library Science (ILS) category or within the non-ILS category which includes more applied, ""subject"" based studies. The impact in the different groupings is judged by means of citation analysis using normalized data and an almost linear increase can be observed from 1994 onwards in the non-ILS category. The implication for the dissemination and use of the bibliometric methods in the different contexts is discussed. A keyword analysis identifies the most popular subjects covered by bibliometric analysis, and multidisciplinary articles are shown to have the highest impact. A noticeable shift is observed in those countries which contribute to the pool of bibliometric analysis, as well as a self-perpetuating effect in giving and taking references.",[],"['Ole Ellegaard', 'Johan Albert Wallin']","['University of Southern Denmark', 'University of Southern Denmark']",University of Southern Denmark,1809,"['University of Southern Denmark', 'University of Southern Denmark']",[],[],10.1007/s11192-015-1645-z,article,[],1831,[],,[],3,Scientometrics,,[],[],,,2015,,[],,Scientometrics,2989,The bibliometric analysis of scholarly production: How great is the impact?,W1021000864,105,"Ole Ellegaard, 2015, Scientometrics"
SCOPUS,,[],"['Diana Hicks', 'Paul Wouters', 'Ludo Waltman', 'Sarah de Rijcke', 'Ismael Ràfols']","['Georgia Institute of Technology', 'Leiden University', 'Leiden University', 'Leiden University', 'Consejo Superior de Investigaciones Científicas', 'Universitat Politècnica de València']",Georgia Institute of Technology,429,"['Georgia Institute of Technology', 'Leiden University', 'Leiden University', 'Leiden University', 'Consejo Superior de Investigaciones Científicas', 'Universitat Politècnica de València']",[],[],10.1038/520429a,article,[],431,[],,[],7548,Nature,,[],[],,,2015,,[],,Nature,2629,Bibliometrics: The Leiden Manifesto for research metrics,W2068452509,520,"Diana Hicks, 2015, Nature"
SCOPUS,,[],['Robert N. Broadus'],['University of North Carolina at Chapel Hill'],University of North Carolina at Chapel Hill,373,['University of North Carolina at Chapel Hill'],[],[],10.1007/bf02016680,article,[],379,[],,[],,Scientometrics,,[],[],,,1987,,[],,Scientometrics,1580,Toward a definition of “bibliometrics”,W2069134922,12,"Robert N. Broadus, 1987, Scientometrics"
SCOPUS,,[],"['Behnam Fahimnia', 'Joseph Sarkis', 'Hoda Davarzani']","['The University of Sydney', 'Worcester Polytechnic Institute', 'The University of Sydney']",The University of Sydney,101,"['The University of Sydney', 'Worcester Polytechnic Institute', 'The University of Sydney']",[],[],10.1016/j.ijpe.2015.01.003,review,[],114,[],,[],,International Journal of Production Economics,,[],[],,,2015,,[],,International Journal of Production Economics,2058,Green supply chain management: A review and bibliometric analysis,W1965746216,162,"Behnam Fahimnia, 2015, International Journal of Production Economics"
SCOPUS,"Abstract A Cumulative Advantage Distribution is proposed which models statistically the situation in which success breeds success. It differs from the Negative Binomial Distribution in that lack of success, being a non‐event, is not punished by increased chance of failure. It is shown that such a stochastic law is governed by the Beta Function, containing only one free parameter, and this is approximated by a skew or hyperbolic distribution of the type that is widespread in bibliometrics and diverse social science phenomena. In particular, this is shown to be an appropriate underlying probabilistic theory for the Bradford Law, the Lotka Law, the Pareto and Zipf Distributions, and for all the empirical results of citation frequency analysis. As side results one may derive also the obsolescence factor for literature use. The Beta Function is peculiarly elegant for these manifold purposes because it yields both the actual and the cumulative distributions in simple form, and contains a limiting case of an inverse square law to which many empirical distributions conform.",[],['Derek de Solla Price'],['Yale University'],Yale University,292,['Yale University'],[],[],10.1002/asi.4630270505,article,[],306,[],,[],5,Journal of the American Society for Information Science,,[],[],,,1976,,[],,Journal of the American Society for Information Science,2061,A general theory of bibliometric and other cumulative advantage processes,W2080450835,27,"Derek de Solla Price, 1976, Journal of the American Society for Information Science"
SCOPUS,,[],"['Vincent Larivière', 'Chaoqun Ni', 'Yves Gingras', 'Blaise Cronin', 'Cassidy R. Sugimoto']","['Université de Montréal', 'Indiana University Bloomington', 'Université du Québec à Montréal', 'Indiana University Bloomington', 'Indiana University Bloomington']",Université de Montréal,211,"['Université de Montréal', 'Indiana University Bloomington', 'Université du Québec à Montréal', 'Indiana University Bloomington', 'Indiana University Bloomington']",[],[],10.1038/504211a,article,[],213,[],,[],7479,Nature,,[],[],,,2013,,[],,Nature,1484,Bibliometrics: Global gender disparities in science,W2050990045,504,"Vincent Larivière, 2013, Nature"
SCOPUS,"Why devote an ARIST chapter to scholarly communication and bibliometrics, and why now? Bibliometrics already is a frequently covered ARIST topic, with chapters such as that by White and McCain (1989) on bibliometrics generally, White and McCain (1997) on visualization of literatures, Wilson and Hood (2001) on informetric laws, and Tabah (2001) on literature dynamics. Similarly, scholarly communication has been addressed in other ARIST chapters such as Bishop and Star (1996) on social informatics and digital libraries, Schamber (1994) on relevance and information behavior, and many earlier chapters on information needs and uses. More than a decade ago, the first author addressed the intersection of scholarly communication and bibliometrics with a journal special issue and an edited book (Borgman, 1990; Borgman &amp;amp; Paisley, 1989), and she recently examined interim developments (Borgman, 2000a, 2000c). This review covers the decade (1990–2000) since the comprehensive 1990 volume, citing earlier works only when necessary to explain the foundation for recent developments.",[],"['Christine L. Borgman', 'Jonathan Furner']","['University of California', 'University of California']",University of California,2,"['University of California, Los Angeles', 'University of California, Los Angeles']",[],[],10.1002/aris.1440360102,article,[],72,[],,[],1,Annual Review of Information Science and Technology,,[],[],,,2002,,[],,Annual Review of Information Science and Technology,1123,Scholarly communication and bibliometrics,W2069613886,36,"Christine L. Borgman, 2002, Annual Review of Information Science and Technology"
SCOPUS,"Literature reviews play an essential role in academic research to gather existing knowledge and to examine the state of a field. However, researchers in business, management and related disciplines continue to rely on cursory and narrative reviews that lack a systematic investigation of the literature. This article details methodological steps for conducting literature reviews in a replicable and scientific fashion. This article also discusses bibliographic mapping approaches to visualise bibliometric information and findings from a systematic literature review. We hope that the insights provided in this article are useful for researchers at different stages of their careers – ranging from doctoral students who wish to assemble a broad overview of their field of interest to guide their work, to senior researchers who wish to publish authoritative literature reviews. JEL Classification: C18, C80, C88, M10, M20",[],"['Martina K. Linnenluecke', 'Mauricio Marrone', 'Abhay Kumar Singh']","['Macquarie University', 'Macquarie University', 'Macquarie University']",Macquarie University,175,"['Macquarie University', 'Macquarie University', 'Macquarie University']",[],[],10.1177/0312896219877678,article,[],194,[],,[],2,Australian Journal of Management,,[],[],,,2019,,[],,Australian Journal of Management,1529,Conducting systematic literature reviews and bibliometric analyses,W2979085846,45,"Martina K. Linnenluecke, 2019, Australian Journal of Management"
SCOPUS,"Bibliometrics has become an essential tool for assessing and analyzing the output of scientists, cooperation between universities, the effect of state-owned science funding on national research and development performance and educational efficiency, among other applications. Therefore, professionals and scientists need a range of theoretical and practical tools to measure experimental data. This review aims to provide an up-to-date review of the various tools available for conducting bibliometric and scientometric analyses, including the sources of data acquisition, performance analysis and visualization tools. The included tools were divided into three categories: general bibliometric and performance analysis, science mapping analysis, and libraries; a description of all of them is provided. A comparative analysis of the database sources support, pre-processing capabilities, analysis and visualization options were also provided in order to facilitate its understanding. Although there are numerous bibliometric databases to obtain data for bibliometric and scientometric analysis, they have been developed for a different purpose. The number of exportable records is between 500 and 50,000 and the coverage of the different science fields is unequal in each database. Concerning the analyzed tools, Bibliometrix contains the more extensive set of techniques and suitable for practitioners through Biblioshiny. VOSviewer has a fantastic visualization and is capable of loading and exporting information from many sources. SciMAT is the tool with a powerful pre-processing and export capability. In views of the variability of features, the users need to decide the desired analysis output and chose the option that better fits into their aims.",[],"['José A. Moral-Muñoz', 'Enrique Herrera‐Viedma', 'Antonio Santisteban‐Espejo', 'Manuel J. Cobo']","['Universidad de Cádiz', 'Universidad de Granada', 'Hospital Universitario Puerta del Mar', 'Universidad de Cádiz']",Universidad de Cádiz,,"['Universidad de Cádiz', 'Universidad de Granada', 'Hospital Universitario Puerta del Mar', 'Universidad de Cádiz']",[],[],10.3145/epi.2020.ene.03,article,[],,[],,[],1,El Profesional de la Informacion,,[],[],,,2020,,[],,El Profesional de la Informacion,1587,Software tools for conducting bibliometric analysis in science: An up-to-date review,W3001491100,29,"José A. Moral-Muñoz, 2020, El Profesional de la Informacion"
SCOPUS,"Scopus is among the largest curated abstract and citation databases, with a wide global and regional coverage of scientific journals, conference proceedings, and books, while ensuring only the highest quality data are indexed through rigorous content selection and re-evaluation by an independent Content Selection and Advisory Board. Additionally, extensive quality assurance processes continuously monitor and improve all data elements in Scopus. Besides enriched metadata records of scientific articles, Scopus offers comprehensive author and institution profiles, obtained from advanced profiling algorithms and manual curation, ensuring high precision and recall. The trustworthiness of Scopus has led to its use as bibliometric data source for large-scale analyses in research assessments, research landscape studies, science policy evaluations, and university rankings. Scopus data have been offered for free for selected studies by the academic research community, such as through application programming interfaces, which have led to many publications employing Scopus data to investigate topics such as researcher mobility, network visualizations, and spatial bibliometrics. In June 2019, the International Center for the Study of Research was launched, with an advisory board consisting of bibliometricians, aiming to work with the scientometric research community and offering a virtual laboratory where researchers will be able to utilize Scopus data.",[],"['Jeroen Baas', 'Michiel Schotten', 'Andrew Plume', 'Grégoire Côté', 'Reza Karimi']","['RELX Group (Netherlands)', 'RELX Group (Netherlands)', 'RELX Group (Netherlands)', 'RELX Group (Netherlands)', 'RELX Group (Netherlands)']",RELX Group (Netherlands),377,"['RELX Group (Netherlands)', 'RELX Group (Netherlands)', 'RELX Group (Netherlands)', 'RELX Group (Netherlands)', 'RELX Group (Netherlands)']",[],[],10.1162/qss_a_00019,article,[],386,[],,[],1,Quantitative Science Studies,,[],[],,,2020,,[],,Quantitative Science Studies,1857,"Scopus as a curated, high-quality bibliometric data source for academic research in quantitative science studies",W3001554335,1,"Jeroen Baas, 2020, Quantitative Science Studies"
SCOPUS,"Bibliometrics is the study of academic publishing that uses statistics to describe publishing trends and to highlight relationships between published works. Likened to epidemiology, researchers seek to answer questions about a field based on data about publications (e.g., authors, topics, funding) in the same way that an epidemiologist queries patient data to understand the health of a population. In this Eye Opener, the authors introduce bibliometrics and define its key terminology and concepts, including relational and evaluative bibliometrics. Readers are introduced to common bibliometric methods and their related strengths and weaknesses. The authors provide examples of bibliometrics applied in health professions education and propose potential future research directions. Health professions educators are consumers of bibliometric reports and can adopt its methodologies for future studies.",[],"['Anton Ninkov', 'Jason R. Frank', 'Lauren A. Maggio']","['University of Ottawa', 'University of Ottawa', 'Royal College of Physicians and Surgeons of Canada', 'Uniformed Services University of the Health Sciences']",University of Ottawa,173,"['University of Ottawa', 'University of Ottawa', 'Royal College of Physicians and Surgeons of Canada', 'Uniformed Services University of the Health Sciences']",[],[],10.1007/s40037-021-00695-4,article,[],176,[],,[],3,Perspectives on Medical Education,,[],[],,,2021,,[],,Perspectives on Medical Education,927,Bibliometrics: Methods for studying academic publishing,W4200395585,11,"Anton Ninkov, 2021, Perspectives on Medical Education"
SCOPUS,"Bibliometric studies are increasingly being used for research assessment. Bibliometric indicators are strongly methodology-dependent but for all of them, various types of data normalization are an indispensable requirement. Bibliometric studies have many pitfalls; technical skill, critical sense and a precise knowledge about the examined scientific domain are required to carry out and interpret bibliometric investigations correctly.",[],['Johan Albert Wallin'],['University of Southern Denmark'],University of Southern Denmark,261,['University of Southern Denmark'],[],[],10.1111/j.1742-7843.2005.pto_139.x,review,[],275,[],,[],5,Basic & Clinical Pharmacology & Toxicology,,[],[],,,2005,,[],,Basic & Clinical Pharmacology & Toxicology,869,Bibliometric Methods: Pitfalls and Possibilities,W2039027543,97,"Johan Albert Wallin, 2005, Basic & Clinical Pharmacology & Toxicology"
SCOPUS,,[],"['William W. Hood', 'Concepción S. Wilson']","['UNSW Sydney', 'UNSW Sydney']",UNSW Sydney,291,"['UNSW Sydney', 'UNSW Sydney']",[],[],10.1023/a:1017919924342,article,[],314,[],,[],2,Scientometrics,,[],[],,,2001,,[],,Scientometrics,953,"The Literature of Bibliometrics, Scientometrics, and Informetrics",W1888811121,52,"William W. Hood, 2001, Scientometrics"
SCOPUS,,[],"['Antonio Perianes‐Rodríguez', 'Ludo Waltman', 'Nees Jan van Eck']","['SCImago Research Group', 'Universidad Carlos III de Madrid', 'Leiden University', 'Leiden University']",SCImago Research Group,1178,"['SCImago Research Group', 'Universidad Carlos III de Madrid', 'Leiden University', 'Leiden University']",[],[],10.1016/j.joi.2016.10.006,article,[],1195,[],,[],4,Journal of Informetrics,,[],[],,,2016,,[],,Journal of Informetrics,1345,Constructing bibliometric networks: A comparison between full and fractional counting,W2486654687,10,"Antonio Perianes‐Rodríguez, 2016, Journal of Informetrics"
SCOPUS,,[],"['Debmalya Mukherjee', 'Weng Marc Lim', 'Satish Kumar', 'Naveen Donthu']","['University of Akron', 'Swinburne University of Technology Sarawak Campus', 'Swinburne University of Technology', 'Swinburne University of Technology Sarawak Campus', 'Malaviya National Institute of Technology Jaipur', 'Georgia State University']",University of Akron,101,"['University of Akron', 'Swinburne University of Technology Sarawak Campus', 'Swinburne University of Technology', 'Swinburne University of Technology Sarawak Campus', 'Malaviya National Institute of Technology Jaipur', 'Georgia State University']",[],[],10.1016/j.jbusres.2022.04.042,article,[],115,[],,[],,Journal of Business Research,,[],[],,,2022,,[],,Journal of Business Research,1033,Guidelines for advancing theory and practice through bibliometric research,W4225296409,148,"Debmalya Mukherjee, 2022, Journal of Business Research"
SCOPUS,"Abstract Given the paucity of comprehensive summaries in the extant literature, this systematic review, coupled with bibliometric analysis, endeavours to take a meticulous approach intended at presenting quantitative and qualitative knowledge on the ever‐emerging subject of financial literacy. The study comprises a review of 502 articles ‐ published in peer‐reviewed journals from 2000 to 2019. Citation network, page‐rank analysis, co‐citation analysis, content analysis and publication trends have been employed to identify influential work, delineate the intellectual structure of the field and identify gaps. The most prominent journals, authors, countries, articles and themes have been identified using bibliometric analysis, followed by a comprehensive analysis of the content of 107 papers in the identified clusters. The three major themes enumerated are—levels of financial literacy amongst distinct cohorts, the influence that financial literacy exerts on financial planning and behaviour, and the impact of financial education. Additionally, content analysis of 175 papers has been conducted for the last four years’ articles that were not covered in the co‐citation analysis. Emerging themes identified include financial capability, financial inclusion, gender gap, tax &amp; insurance literacy, and digital financial education. A conceptual framework has been modelled portraying the complete picture, following which potential areas of research have been suggested. This study will help policy‐makers, regulators and academic researchers know the nuts and bolts of financial literacy, and identify the relevant areas that need investigation.",[],"['Kirti Goyal', 'Satish Kumar']","['Malaviya National Institute of Technology Jaipur', 'Malaviya National Institute of Technology Jaipur']",Malaviya National Institute of Technology Jaipur,80,"['Malaviya National Institute of Technology Jaipur', 'Malaviya National Institute of Technology Jaipur']",[],[],10.1111/ijcs.12605,review,[],105,[],,[],1,International Journal of Consumer Studies,,[],[],,,2020,,[],,International Journal of Consumer Studies,1074,Financial literacy: A systematic review and bibliometric analysis,W3044902155,45,"Kirti Goyal, 2020, International Journal of Consumer Studies"
SCOPUS,,[],"['Tuğrul Daim', 'Guillermo Rueda', 'Hilary Martin', 'Pisek Gerdsri']","['Portland State University', 'Portland State University', 'Portland State University', 'Portland State University']",Portland State University,981,"['Portland State University', 'Portland State University', 'Portland State University', 'Portland State University']",[],[],10.1016/j.techfore.2006.04.004,article,[],1012,[],,[],8,Technological Forecasting and Social Change,,[],[],,,2006,,[],,Technological Forecasting and Social Change,1079,Forecasting emerging technologies: Use of bibliometrics and patent analysis,W2044764121,73,"Tuğrul Daim, 2006, Technological Forecasting and Social Change"
SCOPUS,"Scientific research is becoming an increasingly collaborative endeavour. The nature and magnitude of collaboration vary from one discipline to another, and depend upon such factors as the nature of the research problem, the research environ ment, and demographic factors. Earlier studies have shown a high degree of correlation between collaboration and research productivity, and between collaboration and financial support for research. The extent of collaboration cannot be easily determined by traditional methods of survey and observation. Bibliometric methods offer a convenient and non-reactive tool for studying collaboration in research. In this paper, several types of collaboration have been identified, and earlier research on collaboration has been reviewed. Further research is needed to refine the methods of defining and assessing collaboration and its impact on the organization of research and communica tion in science.",[],['Krishna Subramanyam'],['Drexel University'],Drexel University,33,['Drexel University'],[],[],10.1177/016555158300600105,review,[],38,[],,[],1,Journal of Information Science,,[],[],,,1983,,[],,Journal of Information Science,900,Bibliometric studies of research collaboration: A review,W2106488040,6,"Krishna Subramanyam, 1983, Journal of Information Science"
SCOPUS,"Bibliometrics is a set of mathematical and statistical methods used to analyze and measure the quantity and quality of books, articles, and other forms of publications. There are three types of bibliometric indicators: quantity indicators, which measure the productivity of a particular researcher; quality indicators, which measure the quality (or ""performance"") of a researcher's output; and structural indicators, which measure connections between publications, authors, and areas of research. Bibliometric indicators are especially important for researchers and organizations, as these measurements are often used in funding decisions, appointments, and promotions of researchers. As more and more scientific discoveries occur and published research results are read and then quoted by other researchers, bibliometric indicators are becoming increasingly important. This article provides an overview of the currently used bibliometric indicators and summarizes the critical elements and characteristics one should be aware of when evaluating the quantity and quality of scientific output.",[],"['Valérie Durieux', 'Pierre Alain Gevenois']","['Université Libre de Bruxelles', 'Université Libre de Bruxelles', 'Erasmus Hospital']",Université Libre de Bruxelles,342,"['Université Libre de Bruxelles', 'Université Libre de Bruxelles', 'Erasmus Hospital']",[],[],10.1148/radiol.09090626,article,[],351,[],,[],2,Radiology,,[],[],,,2010,,[],,Radiology,859,Bibliometric Indicators: Quality Measurements of Scientific Publication,W2163539724,255,"Valérie Durieux, 2010, Radiology"
SCOPUS,"Many studies (in information science) have looked at the growth of science. In this study, we reexamine the question of the growth of science. To do this we (a) use current data up to publication year 2012 and (b) analyze the data across all disciplines and also separately for the natural sciences and for the medical and health sciences. Furthermore, the data were analyzed with an advanced statistical technique—segmented regression analysis—which can identify specific segments with similar growth rates in the history of science. The study is based on two different sets of bibliometric data: (a) the number of publications held as source items in the Web of Science ( WoS , T homson R euters) per publication year and (b) the number of cited references in the publications of the source items per cited reference year. We looked at the rate at which science has grown since the mid‐1600s. In our analysis of cited references we identified three essential growth phases in the development of science, which each led to growth rates tripling in comparison with the previous phase: from less than 1% up to the middle of the 18th century, to 2 to 3% up to the period between the two world wars, and 8 to 9% to 2010.",[],"['Lutz Bornmann', 'Rüdiger Mutz']","['Max Planck Society', 'Max Planck Innovation', 'ETH Zurich']",Max Planck Society,2215,"['Max Planck Society', 'Max Planck Innovation', 'ETH Zurich']",[],[],10.1002/asi.23329,article,[],2222,[],,[],11,Journal of the Association for Information Science and Technology,,[],[],,,2015,,[],,Journal of the Association for Information Science and Technology,1514,Growth rates of modern science: A bibliometric analysis based on the number of publications and cited references,W1907286193,66,"Lutz Bornmann, 2015, Journal of the Association for Information Science and Technology"
SCOPUS,,[],"['Mehmet Ali Köseoğlu', 'Roya Rahimi', 'Fevzi Okumuş', 'Jingyan Liu']","['Hong Kong Polytechnic University', 'University of Wolverhampton', 'University of Central Florida', 'Sun Yat-sen University']",Hong Kong Polytechnic University,180,"['Hong Kong Polytechnic University', 'University of Wolverhampton', 'University of Central Florida', 'Sun Yat-sen University']",[],[],10.1016/j.annals.2016.10.006,article,[],198,[],,[],,Annals of Tourism Research,,[],[],,,2016,,[],,Annals of Tourism Research,590,Bibliometric studies in tourism,W2547578549,61,"Mehmet Ali Köseoğlu, 2016, Annals of Tourism Research"
SCOPUS,"Bibliometrics has changed out of all recognition since 1958; becoming established as a field, being taught widely in library and information science schools, and being at the core of a number of science evaluation research groups around the world. This was all made possible by the work of Eugene Garfield and his Science Citation Index. This article reviews the distance that bibliometrics has travelled since 1958 by comparing early bibliometrics with current practice, and by giving an overview of a range of recent developments, such as patent analysis, national research evaluation exercises, visualization techniques, new applications, online citation indexes, and the creation of digital libraries. Webometrics, a modern, fast-growing offshoot of bibliometrics, is reviewed in detail. Finally, future prospects are discussed with regard to both bibliometrics and webometrics.",[],['Mike Thelwall'],['University of Wolverhampton'],University of Wolverhampton,605,['University of Wolverhampton'],[],[],10.1177/0165551507087238,article,[],621,[],,[],4,Journal of Information Science,,[],[],,,2008,,[],,Journal of Information Science,505,Bibliometrics to webometrics,W2110562193,34,"Mike Thelwall, 2008, Journal of Information Science"
SCOPUS,"Bibliometric analysis is a systematic study carried out on scientific literature for the identification of patterns, trends, and impact within a certain field. Major steps include data collection from relevant databases, data cleaning and refining, and subjecting data to various bibliometric methods—an ensuing step in the generation of meaningful information. Bibliometric analysis is an increasingly popular and thorough technique for examining and assessing massive amounts of scientific data, which is being used more and more in research. This entry thoroughly introduces bibliometric methodology, emphasizing its numerous methodologies. It also provides a set of reliable, step-by-step instructions for confidently performing bibliometric analysis. Furthermore, we investigate the suitable use of bibliometric analysis as an alternative to systematic literature reviews. This entry aims to be a useful tool for learning about the methods and approaches that may be used to perform research studies that use bibliometric analysis, particularly in the fields of academic study.",[],['Ioannis Passas'],['Hellenic Mediterranean University'],Hellenic Mediterranean University,1014,['Hellenic Mediterranean University'],[],[],10.3390/encyclopedia4020065,article,[],1025,[],,[],2,Encyclopedia,,[],[],,,2024,,[],,Encyclopedia,611,Bibliometric Analysis: The Main Steps,W4399882939,4,"Ioannis Passas, 2024, Encyclopedia"
SCOPUS,"BACKGROUND: The application of bibliometrics in medicine enables one to analyse vast amounts of publications and their production patterns on macroscopic and microscopic levels. OBJECTIVES: The aim of the study was to analyse the historical perspective of research literature production regarding application of bibliometrics in medicine. METHODS: Publications related to application of bibliometrics in medicine from 1970 to 2018 were harvested from the Scopus bibliographic database. Reference Publication Year Spectroscopy was triangulated with the VOSViewer to identify historical roots and evolution of topics and clinical areas. RESULTS: The search resulted in 6557 publications. The literature production trend was positive. Historical roots analysis identified 33 historical roots and 16 clinical areas where bibliometrics was applied. DISCUSSION: The increase in productivity in application of bibliometrics in medicine might be attributed to increased use of quantitative metrics in research evaluation, publish or perish phenomenon and the increased use of evidence-based medicine. CONCLUSION: The trend of the literature production was positive. Medicine was in the forefront of knowledge development in bibliometrics. reference publication year spectroscopy proved to be an accurate method which was able to identify most of the historical roots.",[],"['Peter Kokol', 'Helena Blažun Vošner', 'Jernej Završnik']","['University of Maribor', 'Zdravstveni dom dr. Adolfa Drolca Maribor', 'Šolski center Slovenj Gradec', 'Zdravstveni dom dr. Adolfa Drolca Maribor']",University of Maribor,125,"['University of Maribor', 'Zdravstveni dom dr. Adolfa Drolca Maribor', 'Šolski center Slovenj Gradec', 'Zdravstveni dom dr. Adolfa Drolca Maribor']",[],[],10.1111/hir.12295,article,[],138,[],,[],2,Health Information & Libraries Journal,,[],[],,,2020,,[],,Health Information & Libraries Journal,461,Application of bibliometrics in medicine: a historical bibliometrics analysis,W3003683721,38,"Peter Kokol, 2020, Health Information & Libraries Journal"
SCOPUS,"Abstract The aim of this paper is to identify the works that have had the greatest impact on strategic management research and to analyze the changes that have taken place in the intellectual structure of this discipline. The methodology is based on the bibliometric techniques of citation and co‐citation analysis which are applied to all the articles published in the Strategic Management Journal from its first issue in 1980 through 2000. Copyright © 2004 John Wiley &amp; Sons, Ltd.",[],"['Antonio Rafael Ramos-Rodríguez', 'José Ruíz‐Navarro']","['Universidad de Cádiz', 'Universidad de Cádiz']",Universidad de Cádiz,981,"['Universidad de Cádiz', 'Universidad de Cádiz']",[],[],10.1002/smj.397,article,[],1004,[],,[],10,Strategic Management Journal,,[],[],,,2004,,[],,Strategic Management Journal,1606,"Changes in the intellectual structure of strategic management research: a bibliometric study of the <i>Strategic Management Journal</i> , 1980–2000",W2088037265,25,"Antonio Rafael Ramos-Rodríguez, 2004, Strategic Management Journal"
SCOPUS,,[],"['José M. Merigó', 'Jianbo Yang']","['University of Manchester', 'University of Chile', 'University of Manchester']",University of Manchester,37,"['University of Manchester', 'University of Chile', 'University of Manchester']",[],[],10.1016/j.omega.2016.12.004,article,[],48,[],,[],,Omega,,[],[],,,2016,,[],,Omega,721,A bibliometric analysis of operations research and management science,W2563961554,73,"José M. Merigó, 2016, Omega"
SCOPUS,"Abstract VOS is a new mapping technique that can serve as an alternative to the well‐known technique of multidimensional scaling (MDS). We present an extensive comparison between the use of MDS and the use of VOS for constructing bibliometric maps. In our theoretical analysis, we show the mathematical relation between the two techniques. In our empirical analysis, we use the techniques for constructing maps of authors, journals, and keywords. Two commonly used approaches to bibliometric mapping, both based on MDS, turn out to produce maps that suffer from artifacts. Maps constructed using VOS turn out not to have this problem. We conclude that in general maps constructed using VOS provide a more satisfactory representation of a dataset than maps constructed using well‐known MDS approaches.",[],"['Nees Jan van Eck', 'Ludo Waltman', 'Rommert Dekker', 'Jan van den Berg']","['Leiden University', 'Erasmus University Rotterdam', 'Leiden University', 'Erasmus University Rotterdam', 'Erasmus University Rotterdam', 'Delft University of Technology']",Leiden University,2405,"['Leiden University', 'Erasmus University Rotterdam', 'Leiden University', 'Erasmus University Rotterdam', 'Erasmus University Rotterdam', 'Delft University of Technology']",[],[],10.1002/asi.21421,article,[],2416,[],,[],12,Journal of the American Society for Information Science and Technology,,[],[],,,2010,,[],,Journal of the American Society for Information Science and Technology,868,A comparison of two techniques for bibliometric mapping: Multidimensional scaling and VOS,W2953107155,61,"Nees Jan van Eck, 2010, Journal of the American Society for Information Science and Technology"
SCOPUS,,[],"['Naveen Donthu', 'Satish Kumar', 'Debidutta Pattnaik']","['Georgia State University', 'Malaviya National Institute of Technology Jaipur', 'Malaviya National Institute of Technology Jaipur']",Georgia State University,1,"['Georgia State University', 'Malaviya National Institute of Technology Jaipur', 'Malaviya National Institute of Technology Jaipur']",[],[],10.1016/j.jbusres.2019.10.039,article,[],14,[],,[],,Journal of Business Research,,[],[],,,2019,,[],,Journal of Business Research,923,Forty-five years of Journal of Business Research: A bibliometric analysis,W2990450011,109,"Naveen Donthu, 2019, Journal of Business Research"
SCOPUS,"Drones, also called Unmanned Aerial Vehicles (UAV), have witnessed a remarkable development in recent decades. In agriculture, they have changed farming practices by offering farmers substantial cost savings, increased operational efficiency, and better profitability. Over the past decades, the topic of agricultural drones has attracted remarkable academic attention. We therefore conduct a comprehensive review based on bibliometrics to summarize and structure existing academic literature and reveal current research trends and hotspots. We apply bibliometric techniques and analyze the literature surrounding agricultural drones to summarize and assess previous research. Our analysis indicates that remote sensing, precision agriculture, deep learning, machine learning, and the Internet of Things are critical topics related to agricultural drones. The co-citation analysis reveals six broad research clusters in the literature. This study is one of the first attempts to summarize drone research in agriculture and suggest future research directions.",[],"['Abderahman Rejeb', 'Alireza Abdollahi', 'Karim Rejeb', 'Horst Treiblmaier']","['University of Rome Tor Vergata', 'Kharazmi University', 'University of Carthage', 'MODUL University Vienna']",University of Rome Tor Vergata,107017,"['University of Rome Tor Vergata', 'Kharazmi University', 'University of Carthage', 'MODUL University Vienna']",[],[],10.1016/j.compag.2022.107017,review,[],107017,[],,[],,Computers and Electronics in Agriculture,,[],[],,,2022,,[],,Computers and Electronics in Agriculture,652,Drones in agriculture: A review and bibliometric analysis,W4280610169,198,"Abderahman Rejeb, 2022, Computers and Electronics in Agriculture"
SCOPUS,"Abstract For more than 40 years, the Institute for Scientific Information (ISI, now part of Thomson Reuters) produced the only available bibliographic databases from which bibliometricians could compile large‐scale bibliometric indicators. ISI's citation indexes, now regrouped under the Web of Science (WoS), were the major sources of bibliometric data until 2004, when Scopus was launched by the publisher Reed Elsevier. For those who perform bibliometric analyses and comparisons of countries or institutions, the existence of these two major databases raises the important question of the comparability and stability of statistics obtained from different data sources. This paper uses macrolevel bibliometric indicators to compare results obtained from the WoS and Scopus. It shows that the correlations between the measures obtained with both databases for the number of papers and the number of citations received by countries, as well as for their ranks, are extremely high (R 2 ≈ .99). There is also a very high correlation when countries' papers are broken down by field. The paper thus provides evidence that indicators of scientific production and citations at the country level are stable and largely independent of the database.",[],"['Éric Archambault', 'David Campbell', 'Yves Gingras', 'Vincent Larivière']","['Université du Québec à Montréal', 'Université du Québec à Montréal', 'Université du Québec à Montréal']",Université du Québec à Montréal,1320,"['Université du Québec à Montréal', 'Université du Québec à Montréal', 'Université du Québec à Montréal']",[],[],10.1002/asi.21062,article,[],1326,[],,[],7,Journal of the American Society for Information Science and Technology,,[],[],,,2009,,[],,Journal of the American Society for Information Science and Technology,791,Comparing bibliometric statistics obtained from the Web of Science and Scopus,W2952984634,60,"Éric Archambault, 2009, Journal of the American Society for Information Science and Technology"
SCOPUS,"This study aims to explore the usage of Open-source software in bibliometric analysis. Biblio-metrix an R package for bibliometric and co-citation analysis was used to achieve the research activities. R is an ecosystem software meaning all functions are shared in an open-source environment with the users. We have used Graphene as a subject of research for bibliometric analysis. Graphene is one of the fastest growing research fields in nanotechnology worldwide. A textual query on Web of Science (WoS) Clarivate Analytics using the term “graphene” was performed retrieving 1155 scholarly papers from 2000 to 2017 with having at least one author based in Turkey. Bibliometric results indicate graphene within nanotechnology as a scientific research field is growing steadily. Graphene not only is used in engineering but also can be used in medical technology. Furthermore, this is an ongoing research exploring an Open-source software and its roles in the field of information studies.",[],['Hamid Derviş'],[],,156,[],[],[],10.5530/jscires.8.3.32,article,[],160,[],,[],3,Journal of Scientometric Research,,[],[],,,2020,,[],,Journal of Scientometric Research,632,Bibliometric Analysis using Bibliometrix an R Package,W2998021954,8,"Hamid Derviş, 2020, Journal of Scientometric Research"
SCOPUS,,[],"['José M. Merigó', 'Anna M. Gil‐Lafuente', 'Ronald R. Yager']","['University of Chile', 'University of Manchester', 'Universitat de Barcelona', 'Iona College']",University of Chile,420,"['University of Chile', 'University of Manchester', 'Universitat de Barcelona', 'Iona College']",[],[],10.1016/j.asoc.2014.10.035,article,[],433,[],,[],,Applied Soft Computing,,[],[],,,2014,,[],,Applied Soft Computing,579,An overview of fuzzy research with bibliometric indicators,W2036575376,27,"José M. Merigó, 2014, Applied Soft Computing"
SCOPUS,"The dynamic capability view ( DCV ) is one of the most vibrant approaches to strategic management. In this study, the extant literature published between 1994 and 2011 is analysed, using bibliometric methods in order to explore the scope of this approach and detect current research priorities. For this purpose, the method of bibliographic coupling is introduced in management research, which shifts the focus of analysis from past traditions to current trends. Several clusters of thematically related research are extracted from bibliographic networks, which represent interconnected yet distinct subfields of inquiry within the DCV . The core cluster of the current DCV , which visualizes this research field's nascent but fragile identity, focuses on learning and change capabilities and relates them to firm performance, thus merging aspects of organization theory and strategic management. In addition, several peripheral clusters of research are identified, which reflect a parallel process of differentiation in the overall field. Both trends, i.e. of integration and differentiation, attest to the emancipation of the DCV as a distinct approach to strategic management. However, the DCV still lacks consensual concepts that allow comparisons of empirical studies and advance the theoretical understanding of dynamic capabilities. In the light of the above, some implications of this analysis for further research are discussed.",[],"['Rick Vogel', 'Wolfgang H. Güttel']","['Zeppelin Universität gemeinnützige GmbH', 'Johannes Kepler University of Linz']",Zeppelin Universität gemeinnützige GmbH,426,"['Zeppelin Universität gemeinnützige GmbH', 'Johannes Kepler University of Linz']",[],[],10.1111/ijmr.12000,review,[],446,[],,[],4,International Journal of Management Reviews,,[],[],,,2012,,[],,International Journal of Management Reviews,790,The Dynamic Capability View in Strategic Management: A Bibliometric Review,W1909123760,15,"Rick Vogel, 2012, International Journal of Management Reviews"
SCOPUS,"conference proceedings, policy statements, even patents. In the health field, bibliometrics are mostly used to measure the influence or impact of research articles. Bibliometric methods estimate how much influence or impact a selected research article has on future research. It usually does this by counting the number of times the article is cited after it is published.",[],['Ian Cooper'],[],,217,[],[],[],10.3163/1536-5050.103.4.013,article,[],218,[],,[],4,Journal of the Medical Library Association JMLA,,[],[],,,2015,,[],,Journal of the Medical Library Association JMLA,383,Bibliometrics basics,W4231988333,103,"Ian Cooper, 2015, Journal of the Medical Library Association JMLA"
SCOPUS,,[],['Anton J. Nederhof'],['Leiden University'],Leiden University,81,['Leiden University'],[],[],10.1007/s11192-006-0007-2,review,[],100,[],,[],1,Scientometrics,,[],[],,,2006,,[],,Scientometrics,792,Bibliometric monitoring of research performance in the Social Sciences and the Humanities: A Review,W2147002372,66,"Anton J. Nederhof, 2006, Scientometrics"
SCOPUS,,[],"['Surabhi Verma', 'Anders Gustafsson']","['University of Southern Denmark', 'BI Norwegian Business School']",University of Southern Denmark,253,"['University of Southern Denmark', 'BI Norwegian Business School']",[],[],10.1016/j.jbusres.2020.06.057,article,[],261,[],,[],,Journal of Business Research,,[],[],,,2020,,[],,Journal of Business Research,1067,Investigating the emerging COVID-19 research trends in the field of business and management: A bibliometric analysis approach,W3038273726,118,"Surabhi Verma, 2020, Journal of Business Research"
SCOPUS,"Abstract Bibliometric analysis has recently become a popular and rigorous technique used for exploring and analyzing the literature in business and management. Prior studies principally focused on ‘how to do bibliometric analysis’, presenting an overview of the bibliometric methodology along with various techniques and step-by-step guidelines that can be relied on to rigorously conduct bibliometric analysis. However, the current body of evidence is limited in its ability to provide practical knowledge that can enhance the design and performance of bibliometric research. This claim is supported even by the fact that relevant studies refer to their work as ‘bibliometric analysis’ rather than ‘bibliometric research’. Accordingly, we endeavor to offer a more functional framework for researchers who wish to design/conduct bibliometric research on any field of research, especially business and management. To do this, we followed a twofold way. We first outlined the main stages and steps of typical bibliometric research. Then, we proposed a comprehensive framework for specifying how to design/conduct the research and under what headings the relevant stages (step-by-step) will be used and/or presented. Thus, the current paper is expected to be a useful source to gain insights into the available techniques and guide researchers in designing/conducting bibliometric research.",[],"['Oğuzhan Öztürk', 'Rıdvan Kocaman', 'Dominik K. Kanbach']","['Bakırçay Üniversitesi', 'Anadolu University', 'Eskişehir City Hospital', 'HHL Leipzig Graduate School of Management']",Bakırçay Üniversitesi,3333,"['Bakırçay Üniversitesi', 'Anadolu University', 'Eskişehir City Hospital', 'HHL Leipzig Graduate School of Management']",[],[],10.1007/s11846-024-00738-0,article,[],3361,[],,[],11,Review of Managerial Science,,[],[],,,2024,,[],,Review of Managerial Science,580,How to design bibliometric research: an overview and a framework proposal,W4392513195,18,"Oğuzhan Öztürk, 2024, Review of Managerial Science"
SCOPUS,,[],"['Andrea Rey‐Martí', 'Domingo Ribeiro Soriano', 'Daniel Palacios‐Marqués']","['Universitat de València', 'Universitat de València', 'Universitat Politècnica de València']",Universitat de València,1651,"['Universitat de València', 'Universitat de València', 'Universitat Politècnica de València']",[],[],10.1016/j.jbusres.2015.10.033,article,[],1655,[],,[],5,Journal of Business Research,,[],[],,,2015,,[],,Journal of Business Research,650,A bibliometric analysis of social entrepreneurship,W1748004804,69,"Andrea Rey‐Martí, 2015, Journal of Business Research"
SCOPUS,"The concept of safety culture is characterised by complexity. On the one hand, the concept is challenging content-wise, and on the other hand, is it a multi-dimensional and cross-disciplinary research domain. In this paper, bibliometric analysis has been applied to the field of safety culture to identify fundamental influences and to obtain a structured overview of the characteristics and the developments in this research domain. In total, 1789 publications published between 1900 and 2015 related to safety culture were identified in Web of Science. The 1789 publications cover 4591 authors, 775 journals, 76 countries or territories, and 1866 institutions. Two main research areas can be distinguished in the domain of safety culture: (1) organisational safety culture and (2) health-care and patient safety culture. The latter research area stands in a dominant position in safety culture research nowadays. Key publications are from Guldenmund (2000) and Sexton et al. (2006). Furthermore, ‘Safety Science’ is the key journal publishing on safety culture research, and the USA, England and China are the countries that dominate the publication production. It can be concluded that there is much collaborative research in the safety culture domain as multi-authored publications make up about three quarters of all publications. Also, safety culture research is characterised by a wide variety of research themes and multidisciplinarity. Geographical inequality in the publication output is identified as a point of concern. A movement away from technical aspects towards more human aspects could be detected as a noteworthy change in research focus.",[],"['Karolien van Nunen', 'Jie Li', 'Genserik Reniers', 'Koen Ponnet']","['University of Antwerp', 'Capital University of Economics and Business', 'Delft University of Technology', 'Shanghai Maritime University', 'Delft University of Technology', 'University of Antwerp', 'Ghent University', 'University of Antwerp', 'Antwerp Maritime Academy']",University of Antwerp,248,"['University of Antwerp', 'Capital University of Economics and Business', 'Delft University of Technology', 'Shanghai Maritime University', 'Delft University of Technology', 'University of Antwerp', 'Ghent University', 'University of Antwerp', 'Antwerp Maritime Academy']",[],[],10.1016/j.ssci.2017.08.011,article,[],258,[],,[],,Safety Science,,[],[],,,2017,,[],,Safety Science,593,Bibliometric analysis of safety culture research,W2747467399,108,"Karolien van Nunen, 2017, Safety Science"
SCOPUS,,[],"['Manuel J. Cobo', 'M. Ángeles Martínez', 'María Gutiérrez-Salcedo', 'Hamido Fujita', 'Enrique Herrera‐Viedma']","['Universidad de Cádiz', 'Universidad Internacional De La Rioja', 'Universidad de Jaén', 'Iwate Prefectural University', 'Universidad de Granada']",Universidad de Cádiz,3,"['Universidad de Cádiz', 'Universidad Internacional De La Rioja', 'Universidad de Jaén', 'Iwate Prefectural University', 'Universidad de Granada']",[],[],10.1016/j.knosys.2014.12.035,article,[],13,[],,[],,Knowledge-Based Systems,,[],[],,,2015,,[],,Knowledge-Based Systems,572,25years at Knowledge-Based Systems: A bibliometric analysis,W2263682169,80,"Manuel J. Cobo, 2015, Knowledge-Based Systems"
SCOPUS,,[],"['Xinhan Xu', 'Xiangfeng Chen', 'Fu Jia', 'Steve Brown', 'Yu Gong', 'Yifan Xu']","['Fudan University', 'Fudan University', 'University of York', 'University of Southampton', 'University of Southampton', 'Fudan University']",Fudan University,160,"['Fudan University', 'Fudan University', 'University of York', 'University of Southampton', 'University of Southampton', 'Fudan University']",[],[],10.1016/j.ijpe.2018.08.003,article,[],173,[],,[],,International Journal of Production Economics,,[],[],,,2018,,[],,International Journal of Production Economics,731,Supply chain finance: A systematic literature review and bibliometric analysis,W2885251002,204,"Xinhan Xu, 2018, International Journal of Production Economics"
SCOPUS,,[],['Peter Weingart'],"['Hochschule Bielefeld', 'Bielefeld University']",Hochschule Bielefeld,117,"['Hochschule Bielefeld', 'Bielefeld University']",[],[],10.1007/s11192-005-0007-7,article,[],131,[],,[],1,Scientometrics,,[],[],,,2005,,[],,Scientometrics,607,Impact of bibliometrics upon the science system: Inadvertent consequences?,W1987341880,62,"Peter Weingart, 2005, Scientometrics"
SCOPUS,,[],"['Wolfgang Glänzel', 'Henk F. Moed']",['Leiden University'],Leiden University,171,['Leiden University'],[],[],10.1023/a:1014848323806,article,[],193,[],,[],2,Scientometrics,,[],[],,,2002,,[],,Scientometrics,564,Journal impact measures in bibliometric research,W1856837095,53,"Wolfgang Glänzel, 2002, Scientometrics"
SCOPUS,"Through an objective, systematic, and comprehensive review of the literature on open innovation (OI), this article identifies gaps in existing research, and provides recommendations on how hitherto unused or underused organizational, management, and marketing theories can be applied to advance the field. This study adopts a novel approach by combining two complementary bibliometric methods of co‐citation analysis and text mining of 321 journal articles on OI that enables a robust empirical analysis of the intellectual streams and key concepts underpinning OI. Results reveal that researchers do not sufficiently draw on theoretical perspectives external to the field to examine multiple facets of OI. Research also seems confined to innovation‐specific journals with its focus restricted to a select few OI issues, thereby exerting limited influence on the wider business community. This study reveals three distinct areas within OI research: (1) firm‐centric aspects of OI, (2) management of OI networks, and (3) role of users and communities in OI. Thus far, studies have predominantly investigated the firm‐centric aspects of OI, with a particular focus on the role of knowledge, technology, and R&amp;D from the innovating firm's perspective, while the other two areas remain relatively under‐researched. Further gaps in the literature emerge that present avenues for future research, namely to: (1) develop a more comprehensive understanding of OI by including diverse perspectives (users, networks, and communities), (2) direct increased attention to OI strategy formulation and implementation, and (3) enhance focus on customer co‐creation and conceptualize “open service innovation.” Marketing (e.g., service‐dominant logic), organizational behavior (e.g., communities of practice), and management (e.g., dynamic capabilities) offer suitable theoretical lenses and/or concepts to address these gaps.",[],"['Krithika Randhawa', 'Ralf Wilden', 'Jan Hohberger']","['University of Technology Sydney', 'University of Technology Sydney', 'University of Technology Sydney']",University of Technology Sydney,750,"['University of Technology Sydney', 'University of Technology Sydney', 'University of Technology Sydney']",[],[],10.1111/jpim.12312,review,[],772,[],,[],6,Journal of Product Innovation Management,,[],[],,,2016,,[],,Journal of Product Innovation Management,747,A Bibliometric Review of Open Innovation: Setting a Research Agenda,W2289522766,33,"Krithika Randhawa, 2016, Journal of Product Innovation Management"
SCOPUS,,[],['Francis Narin'],['ipIQ'],ipIQ,147,['ipIQ'],[],[],10.1007/bf02017219,article,[],155,[],,[],1,Scientometrics,,[],[],,,1994,,[],,Scientometrics,358,Patent bibliometrics,W3192603459,30,"Francis Narin, 1994, Scientometrics"
